{
  "resourceType" : "ValueSet",
  "id" : "administrativegender-nosupplement-vs",
  "text" : {
    "status" : "extensions",
    "div" : "<div xmlns=\"http://www.w3.org/1999/xhtml\"><ul><li>Include these codes as defined in <a href=\"http://hl7.org/fhir/R4B/codesystem-administrative-gender.html\"><code>http://hl7.org/fhir/administrative-gender</code></a><table class=\"none\"><tr><td style=\"white-space:nowrap\"><b>Code</b></td><td><b>Display</b></td><td><b>Definition</b></td><td><b>Finnish (fi)</b></td></tr><tr><td><a href=\"http://hl7.org/fhir/R4B/codesystem-administrative-gender.html#administrative-gender-male\">male</a></td><td>Male</td><td>Male.</td><td>Mies</td></tr><tr><td><a href=\"http://hl7.org/fhir/R4B/codesystem-administrative-gender.html#administrative-gender-female\">female</a></td><td>Female</td><td>Female.</td><td>Nainen</td></tr><tr><td><a href=\"http://hl7.org/fhir/R4B/codesystem-administrative-gender.html#administrative-gender-other\">other</a></td><td>Other</td><td>Other.</td><td>Muu</td></tr></table></li></ul></div>"
  },
  "url" : "http://example.com/fhir/example/ValueSet/administrativegender-nosupplement-vs",
  "version" : "1.0.0",
  "name" : "AdministrativeGenderNoSupplementVS",
  "title" : "Finnish Administrative Gender",
  "status" : "active",
  "experimental" : true,
  "date" : "2023-03-27T16:35:37+00:00",
  "publisher" : "My Organization",
  "contact" : [{
    "name" : "My Organization",
    "telecom" : [{
      "system" : "url",
      "value" : "http://example.com/committees"
    },
    {
      "system" : "email",
      "value" : "my-group@example.com"
    }]
  },
  {
    "name" : "Bob Smith",
    "telecom" : [{
      "system" : "email",
      "value" : "bobsmith@example.com",
      "use" : "work"
    }]
  }],
  "description" : "Finnish Administrative Gender with explicit designations in the value set and without CS supplement",
  "jurisdiction" : [{
    "coding" : [{
      "system" : "http://unstats.un.org/unsd/methods/m49/m49.htm",
      "code" : "001",
      "display" : "World"
    }]
  }],
  "compose" : {
    "include" : [{
      "system" : "http://hl7.org/fhir/administrative-gender",
      "concept" : [{
        "code" : "male",
        "display" : "Male",
        "designation" : [{
          "language" : "fi",
          "value" : "Mies"
        }]
      },
      {
        "code" : "female",
        "display" : "Female",
        "designation" : [{
          "language" : "fi",
          "value" : "Nainen"
        }]
      },
      {
        "code" : "other",
        "display" : "Other",
        "designation" : [{
          "language" : "fi",
          "value" : "Muu"
        }]
      }]
    }]
  }
}