{
  "resourceType" : "Bundle",
  "id" : "5ad51bde-0590-4c09-b397-f835b963fec5",
  "meta" : {
    "lastUpdated" : "2023-03-08T20:30:47.344+00:00"
  },
  "type" : "collection",
  "entry" : [{
    "fullUrl" : "http://example.com/fhir/example/ValueSet/ml-administrativegendervs",
    "resource" : {
      "resourceType" : "ValueSet",
      "id" : "ml-administrativegendervs",
      "text" : {
        "status" : "generated",
        "div" : "<div xmlns=\"http://www.w3.org/1999/xhtml\"><p>This value set contains 4 concepts</p><p style=\"border: black 1px dotted; background-color: #EEEEEE; padding: 8px; margin-bottom: 8px\">Expansion based on <a href=\"http://hl7.org/fhir/R4B/codesystem-administrative-gender.html\">AdministrativeGender v4.3.0 (CodeSystem)</a></p><table class=\"codes\"><tr><td style=\"white-space:nowrap\"><b>Code</b></td><td><b>System</b></td><td><b>Display</b></td><td><b>Definition</b></td></tr><tr><td style=\"white-space:nowrap\"><a name=\"http---hl7.org-fhir-administrative-gender-male\"> </a>\u00a0\u00a0<a href=\"http://hl7.org/fhir/R4B/codesystem-administrative-gender.html#administrative-gender-male\">male</a></td><td>http://hl7.org/fhir/administrative-gender</td><td>Male</td><td><div><p>Male.</p>\n</div></td></tr><tr><td style=\"white-space:nowrap\"><a name=\"http---hl7.org-fhir-administrative-gender-female\"> </a>\u00a0\u00a0<a href=\"http://hl7.org/fhir/R4B/codesystem-administrative-gender.html#administrative-gender-female\">female</a></td><td>http://hl7.org/fhir/administrative-gender</td><td>Female</td><td><div><p>Female.</p>\n</div></td></tr><tr><td style=\"white-space:nowrap\"><a name=\"http---hl7.org-fhir-administrative-gender-other\"> </a>\u00a0\u00a0<a href=\"http://hl7.org/fhir/R4B/codesystem-administrative-gender.html#administrative-gender-other\">other</a></td><td>http://hl7.org/fhir/administrative-gender</td><td>Other</td><td><div><p>Other.</p>\n</div></td></tr><tr><td style=\"white-space:nowrap\"><a name=\"http---hl7.org-fhir-administrative-gender-unknown\"> </a>\u00a0\u00a0<a href=\"http://hl7.org/fhir/R4B/codesystem-administrative-gender.html#administrative-gender-unknown\">unknown</a></td><td>http://hl7.org/fhir/administrative-gender</td><td>Unknown</td><td><div><p>Unknown.</p>\n</div></td></tr></table></div>"
      },
      "extension" : [{
        "url" : "http://hl7.org/fhir/StructureDefinition/valueset-supplement",
        "valueCanonical" : "http://example.com/fhir/example/CodeSystem/ml-administrativegender"
      }],
      "url" : "http://example.com/fhir/example/ValueSet/ml-administrativegendervs",
      "version" : "1.0.0",
      "name" : "MLAdministrativeGenderVS",
      "title" : "Multilingual Administrative Gender",
      "status" : "active",
      "experimental" : true,
      "date" : "2023-03-08T20:30:47+00:00",
      "publisher" : "My Organization",
      "contact" : [{
        "name" : "My Organization",
        "telecom" : [{
          "system" : "url",
          "value" : "http://example.com/committees"
        },
        {
          "system" : "email",
          "value" : "my-group@example.com"
        }]
      },
      {
        "name" : "Bob Smith",
        "telecom" : [{
          "system" : "email",
          "value" : "bobsmith@example.com",
          "use" : "work"
        }]
      }],
      "description" : "Multilingual Administrative Gender",
      "jurisdiction" : [{
        "coding" : [{
          "system" : "http://unstats.un.org/unsd/methods/m49/m49.htm",
          "code" : "001",
          "display" : "World"
        }]
      }],
      "expansion" : {
        "identifier" : "urn:uuid:71ca481d-4bce-4638-8725-546fe0de223d",
        "timestamp" : "2023-03-08T20:31:04+00:00",
        "total" : 4,
        "parameter" : [{
          "name" : "excludeNested",
          "valueBoolean" : false
        },
        {
          "name" : "version",
          "valueUri" : "http://hl7.org/fhir/administrative-gender|4.3.0"
        }],
        "contains" : [{
          "system" : "http://hl7.org/fhir/administrative-gender",
          "code" : "male",
          "display" : "Male"
        },
        {
          "system" : "http://hl7.org/fhir/administrative-gender",
          "code" : "female",
          "display" : "Female"
        },
        {
          "system" : "http://hl7.org/fhir/administrative-gender",
          "code" : "other",
          "display" : "Other"
        },
        {
          "system" : "http://hl7.org/fhir/administrative-gender",
          "code" : "unknown",
          "display" : "Unknown"
        }]
      }
    }
  }]
}