<?xml version="1.0" encoding="UTF-8"?>

<ValueSet xmlns="http://hl7.org/fhir">
  <id value="administrativegender-explicit-vs"/>
  <text>
    <status value="extensions"/><div xmlns="http://www.w3.org/1999/xhtml"><ul><li>Include these codes as defined in <a href="http://hl7.org/fhir/R4B/codesystem-administrative-gender.html"><code>http://hl7.org/fhir/administrative-gender</code></a><table class="none"><tr><td style="white-space:nowrap"><b>Code</b></td><td><b>Display</b></td><td><b>Definition</b></td><td><b>Spanish (es)</b></td><td><b>Portuguese (pt)</b></td><td><b>et</b></td></tr><tr><td><a href="http://hl7.org/fhir/R4B/codesystem-administrative-gender.html#administrative-gender-male">male</a></td><td>Male</td><td>Male.</td><td>Masculino</td><td>Masculino</td><td>Mees</td></tr><tr><td><a href="http://hl7.org/fhir/R4B/codesystem-administrative-gender.html#administrative-gender-female">female</a></td><td>Female</td><td>Female.</td><td>Feminino</td><td>Feminino</td><td>Naine</td></tr></table></li></ul></div>
  </text>
  <extension url="http://hl7.org/fhir/StructureDefinition/valueset-supplement">
    <valueCanonical value="http://example.com/fhir/example/CodeSystem/ml-administrativegender"/>
  </extension>
  <url value="http://example.com/fhir/example/ValueSet/administrativegender-explicit-vs"/>
  <version value="1.0.0"/>
  <name value="AdministrativeGenderExplicitVS"/>
  <title value="Multilingual Administrative Gender Explicit"/>
  <status value="active"/>
  <experimental value="true"/>
  <date value="2023-03-27T16:35:37+00:00"/>
  <publisher value="My Organization"/>
  <contact>
    <name value="My Organization"/>
    <telecom>
      <system value="url"/>
      <value value="http://example.com/committees"/>
    </telecom>
    <telecom>
      <system value="email"/>
      <value value="my-group@example.com"/>
    </telecom>
  </contact>
  <contact>
    <name value="Bob Smith"/>
    <telecom>
      <system value="email"/>
      <value value="bobsmith@example.com"/>
      <use value="work"/>
    </telecom>
  </contact>
  <description value="Multilingual Administrative Gender with explicit designations in the value set; based on CS supplement"/>
  <jurisdiction>
    <coding>
      <system value="http://unstats.un.org/unsd/methods/m49/m49.htm"/>
      <code value="001"/>
      <display value="World"/>
    </coding>
  </jurisdiction>
  <compose>
    <include>
      <system value="http://hl7.org/fhir/administrative-gender"/>
      <concept>
        <code value="male"/>
        <display value="Male"/>
        <designation>
          <language value="es"/>
          <value value="Masculino"/>
        </designation>
        <designation>
          <language value="pt"/>
          <value value="Masculino"/>
        </designation>
        <designation>
          <language value="et"/>
          <value value="Mees"/>
        </designation>
      </concept>
      <concept>
        <code value="female"/>
        <display value="Female"/>
        <designation>
          <language value="es"/>
          <value value="Feminino"/>
        </designation>
        <designation>
          <language value="pt"/>
          <value value="Feminino"/>
        </designation>
        <designation>
          <language value="et"/>
          <value value="Naine"/>
        </designation>
      </concept>
    </include>
  </compose>
</ValueSet>