<?xml version="1.0" encoding="UTF-8"?><ValueSet xmlns="http://hl7.org/fhir"><id value="ml-administrativegendervs"/><text><status value="generated"/><div xmlns="http://www.w3.org/1999/xhtml"><ul><li>Include all codes defined in <a href="http://hl7.org/fhir/R4B/codesystem-administrative-gender.html"><code>http://hl7.org/fhir/administrative-gender</code></a></li></ul></div></text><extension url="http://hl7.org/fhir/StructureDefinition/valueset-supplement"><valueCanonical value="http://example.com/fhir/example/CodeSystem/ml-administrativegender"/></extension><url value="http://example.com/fhir/example/ValueSet/ml-administrativegendervs"/><version value="1.0.0"/><name value="MLAdministrativeGenderVS"/><title value="Multilingual Administrative Gender"/><status value="active"/><date value="2023-03-07T21:49:30+00:00"/><publisher value="My Organization"/><contact><name value="My Organization"/><telecom><system value="url"/><value value="http://example.com/committees"/></telecom><telecom><system value="email"/><value value="my-group@example.com"/></telecom></contact><contact><name value="Bob Smith"/><telecom><system value="email"/><value value="bobsmith@example.com"/><use value="work"/></telecom></contact><description value="Multilingual Administrative Gender"/><jurisdiction><coding><system value="http://unstats.un.org/unsd/methods/m49/m49.htm"/><code value="001"/><display value="World"/></coding></jurisdiction><compose><include><system value="http://hl7.org/fhir/administrative-gender"/></include></compose></ValueSet>