<?xml version="1.0" encoding="UTF-8"?><CodeSystem xmlns="http://hl7.org/fhir"><id value="ml-administrativegender"/><text><status value="generated"/><div xmlns="http://www.w3.org/1999/xhtml"><p>This code system <code>http://example.com/fhir/example/CodeSystem/ml-administrativegender</code></p><table class="codes"><tr><td style="white-space:nowrap"><b>Code</b></td></tr><tr><td><a style="white-space:nowrap" href="http://hl7.org/fhir/R4/codesystem-administrative-gender.html#administrative-gender-male">male</a><a name="ml-administrativegender-male"> </a></td></tr><tr><td><a style="white-space:nowrap" href="http://hl7.org/fhir/R4/codesystem-administrative-gender.html#administrative-gender-female">female</a><a name="ml-administrativegender-female"> </a></td></tr><tr><td><a style="white-space:nowrap" href="http://hl7.org/fhir/R4/codesystem-administrative-gender.html#administrative-gender-other">other</a><a name="ml-administrativegender-other"> </a></td></tr><tr><td><a style="white-space:nowrap" href="http://hl7.org/fhir/R4/codesystem-administrative-gender.html#administrative-gender-unknown">unknown</a><a name="ml-administrativegender-unknown"> </a></td></tr></table><p><b>Additional Language Displays</b></p><table class="codes"><tr><td><b>Code</b></td><td><b>Spanish (es)</b></td><td><b>Portuguese (pt)</b></td></tr><tr><td>male</td><td>Desconocido</td><td>Masculino</td></tr><tr><td>female</td><td></td><td>Feminino</td></tr><tr><td>other</td><td></td><td>Outro</td></tr><tr><td>unknown</td><td></td><td>Desconhecido</td></tr></table></div></text><url value="http://example.com/fhir/example/CodeSystem/ml-administrativegender"/><version value="0.1.0-test"/><name value="MLAdministrativeGender"/><title value="Multilingual Administrative Gender"/><status value="draft"/><experimental value="true"/><date value="2023-03-07T19:41:20+00:00"/><publisher value="xxxYour Work Group"/><contact><telecom><system value="url"/><value value="http://xxhl7.org/Special/committees/[something]"/></telecom></contact><description value="Multilingual Administrative Gender"/><jurisdiction><coding><system value="http://unstats.un.org/unsd/methods/m49/m49.htm"/><code value="001"/></coding></jurisdiction><content value="supplement"/><supplements value="http://hl7.org/fhir/administrative-gender"/><concept><code value="male"/><designation><language value="pt"/><value value="Masculino"/></designation><designation><language value="es"/><value value="Desconocido"/></designation></concept><concept><code value="female"/><designation><language value="pt"/><value value="Feminino"/></designation></concept><concept><code value="other"/><designation><language value="pt"/><value value="Outro"/></designation></concept><concept><code value="unknown"/><designation><language value="pt"/><value value="Desconhecido"/></designation></concept></CodeSystem>