<?xml version="1.0" encoding="UTF-8"?><ValueSet xmlns="http://hl7.org/fhir"><id value="ml-administrativegendervs"/><text><status value="generated"/><div xmlns="http://www.w3.org/1999/xhtml"><ul><li>Include all codes defined in <a href="CodeSystem-ml-administrativegender.html"><code>http://example.com/fhir/example/CodeSystem/ml-administrativegender</code></a></li></ul></div></text><url value="http://example.com/fhir/example/ValueSet/ml-administrativegendervs"/><version value="0.1.0-test"/><name value="MLAdministrativeGenderVS"/><title value="Multilingual Administrative Gender"/><status value="active"/><date value="2023-03-07T19:41:20+00:00"/><publisher value="xxxYour Work Group"/><contact><telecom><system value="url"/><value value="http://xxhl7.org/Special/committees/[something]"/></telecom></contact><description value="Multilingual Administrative Gender"/><jurisdiction><coding><system value="http://unstats.un.org/unsd/methods/m49/m49.htm"/><code value="001"/></coding></jurisdiction><compose><include><system value="http://example.com/fhir/example/CodeSystem/ml-administrativegender"/></include></compose></ValueSet>