<?xml version="1.0" encoding="UTF-8"?><ValueSet xmlns="http://hl7.org/fhir"><id value="administrativegender-nosupplement-vs"/><text><status value="extensions"/><div xmlns="http://www.w3.org/1999/xhtml"><ul><li>Include these codes as defined in <a href="http://hl7.org/fhir/R4B/codesystem-administrative-gender.html"><code>http://hl7.org/fhir/administrative-gender</code></a><table class="none"><tr><td style="white-space:nowrap"><b>Code</b></td><td><b>Display</b></td><td><b>Definition</b></td><td><b>Finnish (fi)</b></td></tr><tr><td><a href="http://hl7.org/fhir/R4B/codesystem-administrative-gender.html#administrative-gender-male">male</a></td><td>Male</td><td>Male.</td><td>Mies</td></tr><tr><td><a href="http://hl7.org/fhir/R4B/codesystem-administrative-gender.html#administrative-gender-female">female</a></td><td>Female</td><td>Female.</td><td>Nainen</td></tr><tr><td><a href="http://hl7.org/fhir/R4B/codesystem-administrative-gender.html#administrative-gender-other">other</a></td><td>Other</td><td>Other.</td><td>Muu</td></tr></table></li></ul></div></text><url value="http://example.com/fhir/example/ValueSet/administrativegender-nosupplement-vs"/><version value="1.0.0"/><name value="AdministrativeGenderNoSupplementVS"/><title value="Finnish Administrative Gender"/><status value="active"/><experimental value="true"/><date value="2023-03-27T16:35:37+00:00"/><publisher value="My Organization"/><contact><name value="My Organization"/><telecom><system value="url"/><value value="http://example.com/committees"/></telecom><telecom><system value="email"/><value value="my-group@example.com"/></telecom></contact><contact><name value="Bob Smith"/><telecom><system value="email"/><value value="bobsmith@example.com"/><use value="work"/></telecom></contact><description value="Finnish Administrative Gender with explicit designations in the value set and without CS supplement"/><jurisdiction><coding><system value="http://unstats.un.org/unsd/methods/m49/m49.htm"/><code value="001"/><display value="World"/></coding></jurisdiction><compose><include><system value="http://hl7.org/fhir/administrative-gender"/><concept><code value="male"/><display value="Male"/><designation><language value="fi"/><value value="Mies"/></designation></concept><concept><code value="female"/><display value="Female"/><designation><language value="fi"/><value value="Nainen"/></designation></concept><concept><code value="other"/><display value="Other"/><designation><language value="fi"/><value value="Muu"/></designation></concept></include></compose></ValueSet>