{"resourceType":"CodeSystem","id":"ml-administrativegender","text":{"status":"generated","div":"<div xmlns=\"http://www.w3.org/1999/xhtml\"><p>This code system <code>http://example.com/fhir/example/CodeSystem/ml-administrativegender</code></p><table class=\"codes\"><tr><td style=\"white-space:nowrap\"><b>Code</b></td></tr><tr><td><a style=\"white-space:nowrap\" href=\"http://hl7.org/fhir/R4/codesystem-administrative-gender.html#administrative-gender-male\">male</a><a name=\"ml-administrativegender-male\"> </a></td></tr><tr><td><a style=\"white-space:nowrap\" href=\"http://hl7.org/fhir/R4/codesystem-administrative-gender.html#administrative-gender-female\">female</a><a name=\"ml-administrativegender-female\"> </a></td></tr><tr><td><a style=\"white-space:nowrap\" href=\"http://hl7.org/fhir/R4/codesystem-administrative-gender.html#administrative-gender-other\">other</a><a name=\"ml-administrativegender-other\"> </a></td></tr><tr><td><a style=\"white-space:nowrap\" href=\"http://hl7.org/fhir/R4/codesystem-administrative-gender.html#administrative-gender-unknown\">unknown</a><a name=\"ml-administrativegender-unknown\"> </a></td></tr></table><p><b>Additional Language Displays</b></p><table class=\"codes\"><tr><td><b>Code</b></td><td><b>e</b></td><td><b>ee</b></td><td><b>Spanish (es)</b></td><td><b>Portuguese (pt)</b></td></tr><tr><td>male</td><td></td><td>Mees</td><td>Masculino</td><td>Masculino</td></tr><tr><td>female</td><td></td><td>Naine</td><td>Feminino</td><td>Feminino</td></tr><tr><td>other</td><td></td><td>Muu</td><td>Otro</td><td>Outro</td></tr><tr><td>unknown</td><td>Desconocido</td><td>Teadmata</td><td></td><td>Desconhecido</td></tr></table></div>"},"url":"http://example.com/fhir/example/CodeSystem/ml-administrativegender","version":"0.1.0-test","name":"MLAdministrativeGender","title":"Multilingual Administrative Gender","status":"draft","experimental":true,"date":"2023-03-07T19:45:22+00:00","publisher":"xxxYour Work Group","contact":[{"telecom":[{"system":"url","value":"http://xxhl7.org/Special/committees/[something]"}]}],"description":"Multilingual Administrative Gender","jurisdiction":[{"coding":[{"system":"http://unstats.un.org/unsd/methods/m49/m49.htm","code":"001"}]}],"content":"supplement","supplements":"http://hl7.org/fhir/administrative-gender","concept":[{"code":"male","designation":[{"language":"pt","value":"Masculino"},{"language":"es","value":"Masculino"},{"language":"ee","value":"Mees"}]},{"code":"female","designation":[{"language":"pt","value":"Feminino"},{"language":"es","value":"Feminino"},{"language":"ee","value":"Naine"}]},{"code":"other","designation":[{"language":"pt","value":"Outro"},{"language":"es","value":"Otro"},{"language":"ee","value":"Muu"}]},{"code":"unknown","designation":[{"language":"pt","value":"Desconhecido"},{"language":"e","value":"Desconocido"},{"language":"ee","value":"Teadmata"}]}]}