{"resourceType":"ValueSet","id":"ml-administrativegendervs","text":{"status":"generated","div":"<div xmlns=\"http://www.w3.org/1999/xhtml\"><ul><li>Include all codes defined in <a href=\"CodeSystem-ml-administrativegender.html\"><code>http://example.com/fhir/example/CodeSystem/ml-administrativegender</code></a></li></ul></div>"},"url":"http://example.com/fhir/example/ValueSet/ml-administrativegendervs","version":"0.1.0-test","name":"MLAdministrativeGenderVS","title":"Multilingual Administrative Gender","status":"active","date":"2023-03-07T19:45:22+00:00","publisher":"xxxYour Work Group","contact":[{"telecom":[{"system":"url","value":"http://xxhl7.org/Special/committees/[something]"}]}],"description":"Multilingual Administrative Gender","jurisdiction":[{"coding":[{"system":"http://unstats.un.org/unsd/methods/m49/m49.htm","code":"001"}]}],"compose":{"include":[{"system":"http://example.com/fhir/example/CodeSystem/ml-administrativegender"}]}}