[
  {
    "id" : "ml-administrativegender",
    "type" : "CodeSystem",
    "url" : "http://example.com/fhir/example/CodeSystem/ml-administrativegender",
    "version" : "1.0.0",
    "name" : "MLAdministrativeGender"
  },
  {
    "id" : "my-ig",
    "type" : "ImplementationGuide",
    "url" : "http://example.com/fhir/example/ImplementationGuide/my-ig",
    "version" : "1.0.0",
    "name" : "Translatable"
  },
  {
    "id" : "EUPatient",
    "type" : "StructureDefinition",
    "url" : "http://example.com/fhir/example/StructureDefinition/EUPatient",
    "version" : "1.0.0",
    "name" : "EUPatient"
  },
  {
    "id" : "ml-administrativegendervs",
    "type" : "ValueSet",
    "url" : "http://example.com/fhir/example/ValueSet/ml-administrativegendervs",
    "version" : "1.0.0",
    "name" : "MLAdministrativeGenderVS"
  }
]
