{"resourceType":"ValueSet","id":"administrativegender-explicit-vs","text":{"status":"extensions","div":"<div xmlns=\"http://www.w3.org/1999/xhtml\"><ul><li>Include these codes as defined in <a href=\"http://hl7.org/fhir/R4B/codesystem-administrative-gender.html\"><code>http://hl7.org/fhir/administrative-gender</code></a><table class=\"none\"><tr><td style=\"white-space:nowrap\"><b>Code</b></td><td><b>Display</b></td><td><b>Definition</b></td><td><b>Spanish (es)</b></td><td><b>Portuguese (pt)</b></td><td><b>et</b></td></tr><tr><td><a href=\"http://hl7.org/fhir/R4B/codesystem-administrative-gender.html#administrative-gender-male\">male</a></td><td>Male</td><td>Male.</td><td>Masculino</td><td>Masculino</td><td>Mees</td></tr><tr><td><a href=\"http://hl7.org/fhir/R4B/codesystem-administrative-gender.html#administrative-gender-female\">female</a></td><td>Female</td><td>Female.</td><td>Feminino</td><td>Feminino</td><td>Naine</td></tr></table></li></ul></div>"},"extension":[{"url":"http://hl7.org/fhir/StructureDefinition/valueset-supplement","valueCanonical":"http://example.com/fhir/example/CodeSystem/ml-administrativegender"}],"url":"http://example.com/fhir/example/ValueSet/administrativegender-explicit-vs","version":"1.0.0","name":"AdministrativeGenderExplicitVS","title":"Multilingual Administrative Gender Explicit","status":"active","experimental":true,"date":"2023-03-08T21:06:14+00:00","publisher":"My Organization","contact":[{"name":"My Organization","telecom":[{"system":"url","value":"http://example.com/committees"},{"system":"email","value":"my-group@example.com"}]},{"name":"Bob Smith","telecom":[{"system":"email","value":"bobsmith@example.com","use":"work"}]}],"description":"Multilingual Administrative Gender with explicit designations in the value set; based on CS supplement","jurisdiction":[{"coding":[{"system":"http://unstats.un.org/unsd/methods/m49/m49.htm","code":"001","display":"World"}]}],"compose":{"include":[{"system":"http://hl7.org/fhir/administrative-gender","concept":[{"code":"male","display":"Male","designation":[{"language":"es","value":"Masculino"},{"language":"pt","value":"Masculino"},{"language":"et","value":"Mees"}]},{"code":"female","display":"Female","designation":[{"language":"es","value":"Feminino"},{"language":"pt","value":"Feminino"},{"language":"et","value":"Naine"}]}]}]}}