{
  "resourceType" : "ValueSet",
  "id" : "ml-administrativegendervs",
  "text" : {
    "status" : "generated",
    "div" : "<div xmlns=\"http://www.w3.org/1999/xhtml\"><ul><li>Include all codes defined in <a href=\"CodeSystem-ml-administrativegender.html\"><code>http://example.com/fhir/example/CodeSystem/ml-administrativegender</code></a></li></ul></div>"
  },
  "url" : "http://example.com/fhir/example/ValueSet/ml-administrativegendervs",
  "version" : "1.0.0",
  "name" : "MLAdministrativeGenderVS",
  "title" : "Multilingual Administrative Gender",
  "status" : "active",
  "date" : "2023-03-07T19:58:04+00:00",
  "publisher" : "My Organization",
  "contact" : [{
    "name" : "My Organization",
    "telecom" : [{
      "system" : "url",
      "value" : "http://example.com/committees"
    },
    {
      "system" : "email",
      "value" : "my-group@example.com"
    }]
  },
  {
    "name" : "Bob Smith",
    "telecom" : [{
      "system" : "email",
      "value" : "bobsmith@example.com",
      "use" : "work"
    }]
  }],
  "description" : "Multilingual Administrative Gender",
  "jurisdiction" : [{
    "coding" : [{
      "system" : "http://unstats.un.org/unsd/methods/m49/m49.htm",
      "code" : "001",
      "display" : "World"
    }]
  }],
  "compose" : {
    "include" : [{
      "system" : "http://example.com/fhir/example/CodeSystem/ml-administrativegender"
    }]
  }
}